source_id	subject_id	session_id	bold_num	t1w_num	t2w_num	bold_size	t1w_size	bold_duration_total	bold_duration_mean	bold_voxels_total	bold_voxels_mean	datatypes
ds005237	sub-NDARINVAG023WG3	n/a	7	1	1	4383822417	6056815	n/a	n/a	n/a	n/a	anat,fmap,func
ds005237	sub-NDARINVAG339WHH	n/a	3	1	1	1745666419	5322610	n/a	n/a	n/a	n/a	anat,fmap,func
ds005237	sub-NDARINVAG388HJL	n/a	7	1	1	4470634577	5752629	n/a	n/a	n/a	n/a	anat,fmap,func
ds005237	sub-NDARINVAG900RVD	n/a	7	1	1	4354304287	5783647	n/a	n/a	n/a	n/a	anat,fmap,func
ds005237	sub-NDARINVAH529JMM	n/a	7	1	1	4207274403	5350716	n/a	n/a	n/a	n/a	anat,fmap,func
ds005237	sub-NDARINVAK834VNU	n/a	7	1	1	4302137057	6387682	n/a	n/a	n/a	n/a	anat,fmap,func
ds005237	sub-NDARINVAL101MH2	n/a	7	1	1	4339127359	5693920	n/a	n/a	n/a	n/a	anat,fmap,func
ds005237	sub-NDARINVAM061NXD	n/a	7	1	1	4329388775	5615637	n/a	n/a	n/a	n/a	anat,fmap,func
ds005237	sub-NDARINVAN576KX1	n/a	7	1	1	4157832905	6551925	n/a	n/a	n/a	n/a	anat,fmap,func
ds005237	sub-NDARINVAP729WCD	n/a	7	1	1	4579523321	6281301	n/a	n/a	n/a	n/a	anat,fmap,func
ds005237	sub-NDARINVAR463UNP	n/a	7	1	1	4270507122	6348698	n/a	n/a	n/a	n/a	anat,fmap,func
ds005237	sub-NDARINVAT097DFG	n/a	7	1	1	4292102782	5492132	n/a	n/a	n/a	n/a	anat,fmap,func
ds005237	sub-NDARINVAZ218MB7	n/a	7	1	1	4546887130	6101866	n/a	n/a	n/a	n/a	anat,fmap,func
ds005237	sub-NDARINVBD216MCC	n/a	7	1	1	4321223530	5807726	n/a	n/a	n/a	n/a	anat,fmap,func
ds005237	sub-NDARINVBE389YGF	n/a	7	1	1	4487968253	5847702	n/a	n/a	n/a	n/a	anat,fmap,func
ds005237	sub-NDARINVBH217XFZ	n/a	7	1	1	4511262883	6181555	n/a	n/a	n/a	n/a	anat,fmap,func
ds005237	sub-NDARINVBH315KUM	n/a	7	1	1	4298345870	5720496	n/a	n/a	n/a	n/a	anat,fmap,func
ds005237	sub-NDARINVBL062HTE	n/a	4	1	1	2458016904	5936910	n/a	n/a	n/a	n/a	anat,fmap,func
ds005237	sub-NDARINVBL128ZXR	n/a	7	1	1	4406215093	5906882	n/a	n/a	n/a	n/a	anat,fmap,func
ds005237	sub-NDARINVBL733HBP	n/a	7	1	1	4288609572	4756026	n/a	n/a	n/a	n/a	anat,fmap,func
ds005237	sub-NDARINVBM990HJT	n/a	7	1	1	4302700211	5445369	n/a	n/a	n/a	n/a	anat,fmap,func
ds005237	sub-NDARINVBN249GWM	n/a	7	1	1	4345811876	5875190	n/a	n/a	n/a	n/a	anat,fmap,func
ds005237	sub-NDARINVBU789GV0	n/a	7	1	1	4350592035	5670038	n/a	n/a	n/a	n/a	anat,fmap,func
ds005237	sub-NDARINVBY805EE5	n/a	4	1	1	2548706930	5986357	n/a	n/a	n/a	n/a	anat,fmap,func
ds005237	sub-NDARINVBZ622PEX	n/a	7	1	1	4244158216	5732961	n/a	n/a	n/a	n/a	anat,fmap,func
ds005237	sub-NDARINVCA042YER	n/a	5	1	1	3009282822	6049679	n/a	n/a	n/a	n/a	anat,fmap,func
ds005237	sub-NDARINVCE244AGN	n/a	6	1	1	3786362645	5936137	n/a	n/a	n/a	n/a	anat,fmap,func
ds005237	sub-NDARINVCK288RP2	n/a	7	1	1	4203471540	4326323	n/a	n/a	n/a	n/a	anat,fmap,func
ds005237	sub-NDARINVCL131GYQ	n/a	7	1	1	4501383149	5860957	n/a	n/a	n/a	n/a	anat,fmap,func
ds005237	sub-NDARINVCM621YRY	n/a	5	1	1	3100225045	5753365	n/a	n/a	n/a	n/a	anat,fmap,func
ds005237	sub-NDARINVCP169JDZ	n/a	7	1	1	4290426381	5749377	n/a	n/a	n/a	n/a	anat,fmap,func
ds005237	sub-NDARINVCV410NUH	n/a	7	1	1	4488525486	5955161	n/a	n/a	n/a	n/a	anat,fmap,func
ds005237	sub-NDARINVCW125BLA	n/a	7	1	1	4196879595	5644105	n/a	n/a	n/a	n/a	anat,fmap,func
ds005237	sub-NDARINVCW577CWF	n/a	7	1	1	4524381843	6336565	n/a	n/a	n/a	n/a	anat,fmap,func
ds005237	sub-NDARINVCX643TCM	n/a	7	1	1	4437586812	6054550	n/a	n/a	n/a	n/a	anat,fmap,func
ds005237	sub-NDARINVCX685EVQ	n/a	7	1	1	4376487196	6178400	n/a	n/a	n/a	n/a	anat,fmap,func
ds005237	sub-NDARINVDC524THW	n/a	7	1	1	4310149021	5511726	n/a	n/a	n/a	n/a	anat,fmap,func
ds005237	sub-NDARINVDD155BRR	n/a	7	1	1	4187393774	5359782	n/a	n/a	n/a	n/a	anat,fmap,func
ds005237	sub-NDARINVDG233EBR	n/a	7	1	1	4230664436	5500146	n/a	n/a	n/a	n/a	anat,fmap,func
ds005237	sub-NDARINVDK220VPQ	n/a	7	1	1	4536563974	6633774	n/a	n/a	n/a	n/a	anat,fmap,func
ds005237	sub-NDARINVDM785DVB	n/a	7	1	1	4313197442	5521265	n/a	n/a	n/a	n/a	anat,fmap,func
ds005237	sub-NDARINVDN485GPF	n/a	7	1	1	4387275506	5569615	n/a	n/a	n/a	n/a	anat,fmap,func
ds005237	sub-NDARINVDP288XND	n/a	6	1	1	3689487025	5566414	n/a	n/a	n/a	n/a	anat,fmap,func
ds005237	sub-NDARINVDT499KZL	n/a	7	1	1	4437244268	6701712	n/a	n/a	n/a	n/a	anat,fmap,func
ds005237	sub-NDARINVDU085XVZ	n/a	7	1	1	4395509108	6427428	n/a	n/a	n/a	n/a	anat,fmap,func
ds005237	sub-NDARINVDV232BEQ	n/a	7	1	1	4208401837	5505131	n/a	n/a	n/a	n/a	anat,fmap,func
ds005237	sub-NDARINVDW733XXB	n/a	7	1	1	4309455737	5893276	n/a	n/a	n/a	n/a	anat,fmap,func
ds005237	sub-NDARINVDZ608PPY	n/a	7	1	1	4210852939	6166522	n/a	n/a	n/a	n/a	anat,fmap,func
ds005237	sub-NDARINVEA806MCW	n/a	7	1	1	4253684867	5584644	n/a	n/a	n/a	n/a	anat,fmap,func
ds005237	sub-NDARINVEC746UWL	n/a	7	1	1	4488819791	5873600	n/a	n/a	n/a	n/a	anat,fmap,func
ds005237	sub-NDARINVED812LMR	n/a	7	1	1	4358676789	6181712	n/a	n/a	n/a	n/a	anat,fmap,func
ds005237	sub-NDARINVEF266GBV	n/a	5	1	1	3230693109	6671344	n/a	n/a	n/a	n/a	anat,fmap,func
ds005237	sub-NDARINVEG178LHD	n/a	7	1	1	4174507750	5338415	n/a	n/a	n/a	n/a	anat,fmap,func
ds005237	sub-NDARINVEJ537VGZ	n/a	7	1	1	4266472263	5691902	n/a	n/a	n/a	n/a	anat,fmap,func
ds005237	sub-NDARINVEK183ZLE	n/a	7	1	1	4454181752	5634468	n/a	n/a	n/a	n/a	anat,fmap,func
ds005237	sub-NDARINVEK685MY0	n/a	7	1	1	4255721316	5236539	n/a	n/a	n/a	n/a	anat,fmap,func
ds005237	sub-NDARINVEN039PVQ	n/a	7	1	1	4256283205	5319654	n/a	n/a	n/a	n/a	anat,fmap,func
ds005237	sub-NDARINVEP476HJ3	n/a	7	1	1	4478706369	6062649	n/a	n/a	n/a	n/a	anat,fmap,func
ds005237	sub-NDARINVEV975LY3	n/a	7	1	1	4113899768	5818585	n/a	n/a	n/a	n/a	anat,fmap,func
ds005237	sub-NDARINVEY033HCZ	n/a	6	1	1	3677024734	5825074	n/a	n/a	n/a	n/a	anat,fmap,func
ds005237	sub-NDARINVEY681MZ7	n/a	7	1	1	4297219039	5854605	n/a	n/a	n/a	n/a	anat,fmap,func
ds005237	sub-NDARINVFE128JJV	n/a	5	1	1	3002146948	5401388	n/a	n/a	n/a	n/a	anat,fmap,func
ds005237	sub-NDARINVFH503ZWA	n/a	7	1	1	4302673521	5477552	n/a	n/a	n/a	n/a	anat,fmap,func
ds005237	sub-NDARINVFJ172LJ5	n/a	7	1	1	4501812944	6445209	n/a	n/a	n/a	n/a	anat,fmap,func
ds005237	sub-NDARINVFT463JPQ	n/a	7	1	1	4354052347	5930978	n/a	n/a	n/a	n/a	anat,fmap,func
ds005237	sub-NDARINVFU389BX1	n/a	7	1	1	4432072968	5392840	n/a	n/a	n/a	n/a	anat,fmap,func
ds005237	sub-NDARINVFW143KVU	n/a	7	1	1	4210636765	5603239	n/a	n/a	n/a	n/a	anat,fmap,func
ds005237	sub-NDARINVFW820XN0	n/a	7	1	1	4351693482	5544947	n/a	n/a	n/a	n/a	anat,fmap,func
ds005237	sub-NDARINVFW876XT7	n/a	7	1	1	4291918256	5504568	n/a	n/a	n/a	n/a	anat,fmap,func
ds005237	sub-NDARINVFX289XV7	n/a	7	1	1	4285080881	5549973	n/a	n/a	n/a	n/a	anat,fmap,func
ds005237	sub-NDARINVFY729CMQ	n/a	7	1	1	4333926212	5947462	n/a	n/a	n/a	n/a	anat,fmap,func
ds005237	sub-NDARINVGB107TDU	n/a	7	1	1	4587913385	6527269	n/a	n/a	n/a	n/a	anat,fmap,func
ds005237	sub-NDARINVGB371PPV	n/a	4	1	1	2540242293	6288222	n/a	n/a	n/a	n/a	anat,fmap,func
ds005237	sub-NDARINVGG504ENV	n/a	7	1	1	4335293720	5807479	n/a	n/a	n/a	n/a	anat,fmap,func
ds005237	sub-NDARINVGH969TWR	n/a	7	1	1	4516843984	6157963	n/a	n/a	n/a	n/a	anat,fmap,func
ds005237	sub-NDARINVGK662YZW	n/a	7	1	1	4116488216	5568404	n/a	n/a	n/a	n/a	anat,fmap,func
ds005237	sub-NDARINVGM287EF8	n/a	7	1	1	4423908590	4663391	n/a	n/a	n/a	n/a	anat,fmap,func
ds005237	sub-NDARINVGN063ZRV	n/a	6	1	1	3662009489	5783088	n/a	n/a	n/a	n/a	anat,fmap,func
ds005237	sub-NDARINVGN082RP7	n/a	7	1	1	4406123946	5708748	n/a	n/a	n/a	n/a	anat,fmap,func
ds005237	sub-NDARINVGR029VCQ	n/a	7	1	1	4539825936	6193077	n/a	n/a	n/a	n/a	anat,fmap,func
ds005237	sub-NDARINVGR746CR0	n/a	7	1	1	4165539072	5608738	n/a	n/a	n/a	n/a	anat,fmap,func
ds005237	sub-NDARINVGT021UPR	n/a	4	1	1	2424631296	5840046	n/a	n/a	n/a	n/a	anat,fmap,func
ds005237	sub-NDARINVGT486MAN	n/a	7	1	1	4334883964	5706599	n/a	n/a	n/a	n/a	anat,fmap,func
ds005237	sub-NDARINVGU013UHX	n/a	7	1	1	4225515193	5389230	n/a	n/a	n/a	n/a	anat,fmap,func
ds005237	sub-NDARINVGZ602BF8	n/a	7	1	1	4203274744	5435154	n/a	n/a	n/a	n/a	anat,fmap,func
ds005237	sub-NDARINVHA329EL1	n/a	4	1	1	2412991111	6178961	n/a	n/a	n/a	n/a	anat,fmap,func
ds005237	sub-NDARINVHB925HEK	n/a	7	1	1	4390709684	5636452	n/a	n/a	n/a	n/a	anat,fmap,func
ds005237	sub-NDARINVHG032NYJ	n/a	7	1	1	4236973917	5355923	n/a	n/a	n/a	n/a	anat,fmap,func
ds005237	sub-NDARINVHT721HFR	n/a	7	1	1	4308332042	6182317	n/a	n/a	n/a	n/a	anat,fmap,func
ds005237	sub-NDARINVHV402VH9	n/a	7	1	1	4259684172	5246168	n/a	n/a	n/a	n/a	anat,fmap,func
ds005237	sub-NDARINVHW100CDA	n/a	5	1	1	3053569235	5617266	n/a	n/a	n/a	n/a	anat,fmap,func
ds005237	sub-NDARINVHY331CLY	n/a	7	1	1	4357134249	6393040	n/a	n/a	n/a	n/a	anat,fmap,func
ds005237	sub-NDARINVHZ510TB2	n/a	7	1	1	4455138578	6404404	n/a	n/a	n/a	n/a	anat,fmap,func
ds005237	sub-NDARINVJA418ZRD	n/a	7	1	1	4430558320	6014912	n/a	n/a	n/a	n/a	anat,fmap,func
ds005237	sub-NDARINVJC140HGJ	n/a	7	1	1	4427799220	5753627	n/a	n/a	n/a	n/a	anat,fmap,func
ds005237	sub-NDARINVJK969JZ8	n/a	7	1	1	4315529656	5256039	n/a	n/a	n/a	n/a	anat,fmap,func
ds005237	sub-NDARINVJP343BJ6	n/a	7	1	1	4301449703	5378566	n/a	n/a	n/a	n/a	anat,fmap,func
ds005237	sub-NDARINVJP751NXV	n/a	7	1	1	4377862136	5721570	n/a	n/a	n/a	n/a	anat,fmap,func
ds005237	sub-NDARINVJR138MBQ	n/a	7	1	1	4358478813	5459779	n/a	n/a	n/a	n/a	anat,fmap,func
ds005237	sub-NDARINVJT215VYQ	n/a	7	1	1	4568789398	6674782	n/a	n/a	n/a	n/a	anat,fmap,func
ds005237	sub-NDARINVJT253NWQ	n/a	4	1	1	2512949525	4594879	n/a	n/a	n/a	n/a	anat,fmap,func
ds005237	sub-NDARINVJT886CG5	n/a	7	1	1	4225826297	5352876	n/a	n/a	n/a	n/a	anat,fmap,func
ds005237	sub-NDARINVJV338PGX	n/a	5	1	1	3194484818	6166925	n/a	n/a	n/a	n/a	anat,fmap,func
ds005237	sub-NDARINVJX155XLR	n/a	7	1	1	4446086448	6016438	n/a	n/a	n/a	n/a	anat,fmap,func
ds005237	sub-NDARINVJY908YB9	n/a	7	1	1	4447082700	5836965	n/a	n/a	n/a	n/a	anat,fmap,func
ds005237	sub-NDARINVKC627BAV	n/a	7	1	1	4242930722	5681858	n/a	n/a	n/a	n/a	anat,fmap,func
ds005237	sub-NDARINVKD900ED7	n/a	7	1	1	4328814159	6024730	n/a	n/a	n/a	n/a	anat,fmap,func
ds005237	sub-NDARINVKF855DZG	n/a	6	1	1	3675756653	5694638	n/a	n/a	n/a	n/a	anat,fmap,func
ds005237	sub-NDARINVKH279ZDZ	n/a	7	1	1	4253521999	5543862	n/a	n/a	n/a	n/a	anat,fmap,func
ds005237	sub-NDARINVKH356XFP	n/a	6	1	1	3850368596	6599582	n/a	n/a	n/a	n/a	anat,fmap,func
ds005237	sub-NDARINVKH965NN0	n/a	7	1	1	4319814293	5394373	n/a	n/a	n/a	n/a	anat,fmap,func
ds005237	sub-NDARINVKP945BWF	n/a	7	1	1	4466901774	5718897	n/a	n/a	n/a	n/a	anat,fmap,func
ds005237	sub-NDARINVKV870NBK	n/a	7	1	1	4239462539	5747954	n/a	n/a	n/a	n/a	anat,fmap,func
ds005237	sub-NDARINVKW897YWP	n/a	7	1	1	4282453609	6163661	n/a	n/a	n/a	n/a	anat,fmap,func
ds005237	sub-NDARINVKX727WL8	n/a	7	1	1	4238513440	5749978	n/a	n/a	n/a	n/a	anat,fmap,func
ds005237	sub-NDARINVKZ112BTB	n/a	7	1	1	4145212016	5842400	n/a	n/a	n/a	n/a	anat,fmap,func
ds005237	sub-NDARINVKZ413VTU	n/a	7	1	1	4474319365	5776193	n/a	n/a	n/a	n/a	anat,fmap,func
ds005237	sub-NDARINVKZ712GTY	n/a	7	1	1	4300079344	5354886	n/a	n/a	n/a	n/a	anat,fmap,func
ds005237	sub-NDARINVLC145NV2	n/a	7	1	1	4467699188	5837416	n/a	n/a	n/a	n/a	anat,fmap,func
ds005237	sub-NDARINVLD269XMU	n/a	7	1	1	4477686689	5939987	n/a	n/a	n/a	n/a	anat,fmap,func
ds005237	sub-NDARINVLK466LC2	n/a	7	1	1	4495300730	6204200	n/a	n/a	n/a	n/a	anat,fmap,func
ds005237	sub-NDARINVLK689LJ2	n/a	7	1	1	4242159734	5506505	n/a	n/a	n/a	n/a	anat,fmap,func
ds005237	sub-NDARINVLK739LPV	n/a	7	1	1	4466389940	6558284	n/a	n/a	n/a	n/a	anat,fmap,func
ds005237	sub-NDARINVLL260KC0	n/a	4	1	1	2425582208	5697602	n/a	n/a	n/a	n/a	anat,fmap,func
ds005237	sub-NDARINVLT949NAG	n/a	7	1	1	4430726619	5737702	n/a	n/a	n/a	n/a	anat,fmap,func
ds005237	sub-NDARINVLZ686XNX	n/a	7	1	1	4471264318	6409347	n/a	n/a	n/a	n/a	anat,fmap,func
ds005237	sub-NDARINVMH676UAR	n/a	7	1	1	4444443576	5656428	n/a	n/a	n/a	n/a	anat,fmap,func
ds005237	sub-NDARINVMJ687EBC	n/a	6	1	1	3596637497	5219609	n/a	n/a	n/a	n/a	anat,fmap,func
ds005237	sub-NDARINVMV972LBE	n/a	7	1	1	4327474439	6451383	n/a	n/a	n/a	n/a	anat,fmap,func
ds005237	sub-NDARINVMZ631XR9	n/a	7	1	1	4442773996	5727211	n/a	n/a	n/a	n/a	anat,fmap,func
ds005237	sub-NDARINVMZ789RWY	n/a	7	1	1	4325514132	5396725	n/a	n/a	n/a	n/a	anat,fmap,func
ds005237	sub-NDARINVNB949AXM	n/a	7	1	1	4188268593	5269484	n/a	n/a	n/a	n/a	anat,fmap,func
ds005237	sub-NDARINVND653BE6	n/a	7	1	1	4374640742	5949427	n/a	n/a	n/a	n/a	anat,fmap,func
ds005237	sub-NDARINVNE865PBN	n/a	7	1	1	4397941115	5434285	n/a	n/a	n/a	n/a	anat,fmap,func
ds005237	sub-NDARINVPB396GT2	n/a	7	1	1	4330456954	5483678	n/a	n/a	n/a	n/a	anat,fmap,func
ds005237	sub-NDARINVPD575FK1	n/a	7	1	1	4503190897	6187164	n/a	n/a	n/a	n/a	anat,fmap,func
ds005237	sub-NDARINVPE293RXE	n/a	7	1	1	4356156052	5735339	n/a	n/a	n/a	n/a	anat,fmap,func
ds005237	sub-NDARINVPE364JB5	n/a	7	1	1	4365748757	5791024	n/a	n/a	n/a	n/a	anat,fmap,func
ds005237	sub-NDARINVPF283TAQ	n/a	4	1	1	2521511472	5939692	n/a	n/a	n/a	n/a	anat,fmap,func
ds005237	sub-NDARINVPF308MTF	n/a	7	1	1	4449642942	6013906	n/a	n/a	n/a	n/a	anat,fmap,func
ds005237	sub-NDARINVPF766MJ2	n/a	7	1	1	4399823074	5963244	n/a	n/a	n/a	n/a	anat,fmap,func
ds005237	sub-NDARINVPG675JPX	n/a	7	1	1	4181046597	5104740	n/a	n/a	n/a	n/a	anat,fmap,func
ds005237	sub-NDARINVPG851GUA	n/a	5	1	1	3110162135	5889830	n/a	n/a	n/a	n/a	anat,fmap,func
ds005237	sub-NDARINVPJ213YAX	n/a	7	1	1	4280161591	5794315	n/a	n/a	n/a	n/a	anat,fmap,func
ds005237	sub-NDARINVPT961JTN	n/a	7	1	1	4306022333	5679491	n/a	n/a	n/a	n/a	anat,fmap,func
ds005237	sub-NDARINVPU175NP8	n/a	7	1	1	4422622690	5644633	n/a	n/a	n/a	n/a	anat,fmap,func
ds005237	sub-NDARINVPZ987BMX	n/a	7	1	1	4391491325	5943550	n/a	n/a	n/a	n/a	anat,fmap,func
ds005237	sub-NDARINVRB157VE8	n/a	7	1	1	4320197737	4825866	n/a	n/a	n/a	n/a	anat,fmap,func
ds005237	sub-NDARINVRB271ZFF	n/a	7	1	1	4290020412	5296303	n/a	n/a	n/a	n/a	anat,fmap,func
ds005237	sub-NDARINVRC807HPA	n/a	7	1	1	4131949334	5068140	n/a	n/a	n/a	n/a	anat,fmap,func
ds005237	sub-NDARINVRF868XAA	n/a	7	1	1	4158674610	5516933	n/a	n/a	n/a	n/a	anat,fmap,func
ds005237	sub-NDARINVRF914JT6	n/a	7	1	1	4366726335	5886055	n/a	n/a	n/a	n/a	anat,fmap,func
ds005237	sub-NDARINVRR054KAM	n/a	4	1	1	2421289759	5610179	n/a	n/a	n/a	n/a	anat,fmap,func
ds005237	sub-NDARINVRW134NUR	n/a	7	1	1	4593039267	6033899	n/a	n/a	n/a	n/a	anat,fmap,func
ds005237	sub-NDARINVRX371YHK	n/a	7	1	1	4323583355	5840069	n/a	n/a	n/a	n/a	anat,fmap,func
ds005237	sub-NDARINVRZ105MC1	n/a	7	1	1	4498069111	6165854	n/a	n/a	n/a	n/a	anat,fmap,func
ds005237	sub-NDARINVTA573RU2	n/a	7	1	1	4307424914	5676100	n/a	n/a	n/a	n/a	anat,fmap,func
ds005237	sub-NDARINVTC494BH2	n/a	7	1	1	4448767973	5809449	n/a	n/a	n/a	n/a	anat,fmap,func
ds005237	sub-NDARINVTF281GWR	n/a	7	1	1	4354837352	5758060	n/a	n/a	n/a	n/a	anat,fmap,func
ds005237	sub-NDARINVTH522AEV	n/a	5	1	1	3230348972	5903935	n/a	n/a	n/a	n/a	anat,fmap,func
ds005237	sub-NDARINVTR059ATR	n/a	7	1	1	4151168953	4727657	n/a	n/a	n/a	n/a	anat,fmap,func
ds005237	sub-NDARINVTR903THR	n/a	7	1	1	4242761404	5604356	n/a	n/a	n/a	n/a	anat,fmap,func
ds005237	sub-NDARINVTT359WEC	n/a	7	1	1	4186605258	5510858	n/a	n/a	n/a	n/a	anat,fmap,func
ds005237	sub-NDARINVTT812VKB	n/a	7	1	1	4402919525	5474928	n/a	n/a	n/a	n/a	anat,fmap,func
ds005237	sub-NDARINVTU813PDR	n/a	7	1	1	4222271694	5580428	n/a	n/a	n/a	n/a	anat,fmap,func
ds005237	sub-NDARINVTV991YAD	n/a	7	1	1	4262249185	5389473	n/a	n/a	n/a	n/a	anat,fmap,func
ds005237	sub-NDARINVUA181LXU	n/a	4	1	1	2412000911	5390317	n/a	n/a	n/a	n/a	anat,fmap,func
ds005237	sub-NDARINVUR466KN5	n/a	7	1	1	4453507675	6359317	n/a	n/a	n/a	n/a	anat,fmap,func
ds005237	sub-NDARINVUT195DEQ	n/a	7	1	1	4423285674	5809321	n/a	n/a	n/a	n/a	anat,fmap,func
ds005237	sub-NDARINVUV598MXY	n/a	7	1	1	4124388821	4571031	n/a	n/a	n/a	n/a	anat,fmap,func
ds005237	sub-NDARINVUX111AA3	n/a	7	1	1	4278406891	5382535	n/a	n/a	n/a	n/a	anat,fmap,func
ds005237	sub-NDARINVUX642KUY	n/a	7	1	1	4441825841	4681228	n/a	n/a	n/a	n/a	anat,fmap,func
ds005237	sub-NDARINVUY536RET	n/a	7	1	1	4215575162	5508839	n/a	n/a	n/a	n/a	anat,fmap,func
ds005237	sub-NDARINVUY799LKJ	n/a	7	1	1	4244510905	4521378	n/a	n/a	n/a	n/a	anat,fmap,func
ds005237	sub-NDARINVUZ656BRT	n/a	7	1	1	4161123740	4240557	n/a	n/a	n/a	n/a	anat,fmap,func
ds005237	sub-NDARINVVC008EZL	n/a	7	1	1	4192218893	5427012	n/a	n/a	n/a	n/a	anat,fmap,func
ds005237	sub-NDARINVVD461TM8	n/a	7	1	1	4419890047	4851148	n/a	n/a	n/a	n/a	anat,fmap,func
ds005237	sub-NDARINVVF051GV0	n/a	7	1	1	4584489932	6455227	n/a	n/a	n/a	n/a	anat,fmap,func
ds005237	sub-NDARINVVH854UEQ	n/a	7	1	1	4471098406	5098796	n/a	n/a	n/a	n/a	anat,fmap,func
ds005237	sub-NDARINVVK074AWR	n/a	7	1	1	4359209809	5498086	n/a	n/a	n/a	n/a	anat,fmap,func
ds005237	sub-NDARINVVP179WTP	n/a	7	1	1	4239054738	5476280	n/a	n/a	n/a	n/a	anat,fmap,func
ds005237	sub-NDARINVVT280VDN	n/a	7	1	1	4307807823	6231625	n/a	n/a	n/a	n/a	anat,fmap,func
ds005237	sub-NDARINVVU614ZKP	n/a	4	1	1	2383749480	5794009	n/a	n/a	n/a	n/a	anat,fmap,func
ds005237	sub-NDARINVVV366BKJ	n/a	7	1	1	4236156893	5460560	n/a	n/a	n/a	n/a	anat,fmap,func
ds005237	sub-NDARINVVZ816AVQ	n/a	7	1	1	4513189547	5860738	n/a	n/a	n/a	n/a	anat,fmap,func
ds005237	sub-NDARINVWA310HH4	n/a	7	1	1	4322386875	5546665	n/a	n/a	n/a	n/a	anat,fmap,func
ds005237	sub-NDARINVWB541TEM	n/a	7	1	1	4326435307	5745921	n/a	n/a	n/a	n/a	anat,fmap,func
ds005237	sub-NDARINVWD109LR7	n/a	7	1	1	4446106446	5759789	n/a	n/a	n/a	n/a	anat,fmap,func
ds005237	sub-NDARINVWD338PY2	n/a	7	1	1	4297595672	5518824	n/a	n/a	n/a	n/a	anat,fmap,func
ds005237	sub-NDARINVWD467AR0	n/a	7	1	1	4409955975	4873768	n/a	n/a	n/a	n/a	anat,fmap,func
ds005237	sub-NDARINVWE937RD6	n/a	7	1	1	4459983826	5875957	n/a	n/a	n/a	n/a	anat,fmap,func
ds005237	sub-NDARINVWF881BPQ	n/a	7	1	1	4350833176	5639115	n/a	n/a	n/a	n/a	anat,fmap,func
ds005237	sub-NDARINVWG867JHJ	n/a	7	1	1	4302305303	5450890	n/a	n/a	n/a	n/a	anat,fmap,func
ds005237	sub-NDARINVWJ708RM0	n/a	7	1	1	4199233131	5744428	n/a	n/a	n/a	n/a	anat,fmap,func
ds005237	sub-NDARINVWJ892FLH	n/a	7	1	1	4267062056	5314934	n/a	n/a	n/a	n/a	anat,fmap,func
ds005237	sub-NDARINVWL810FRT	n/a	7	1	1	4533701259	5915209	n/a	n/a	n/a	n/a	anat,fmap,func
ds005237	sub-NDARINVWM327ZZN	n/a	7	1	1	4475448313	5769799	n/a	n/a	n/a	n/a	anat,fmap,func
ds005237	sub-NDARINVWM533NJC	n/a	7	1	1	4368678775	5562613	n/a	n/a	n/a	n/a	anat,fmap,func
ds005237	sub-NDARINVWN600UP5	n/a	7	1	1	4414723997	5750746	n/a	n/a	n/a	n/a	anat,fmap,func
ds005237	sub-NDARINVWR872ZDB	n/a	7	1	1	4356873689	5651681	n/a	n/a	n/a	n/a	anat,fmap,func
ds005237	sub-NDARINVWT248DFY	n/a	7	1	1	4159549488	6151138	n/a	n/a	n/a	n/a	anat,fmap,func
ds005237	sub-NDARINVWU297KRB	n/a	7	1	1	4254235230	5812419	n/a	n/a	n/a	n/a	anat,fmap,func
ds005237	sub-NDARINVWZ534JVA	n/a	7	1	1	4200028845	6199316	n/a	n/a	n/a	n/a	anat,fmap,func
ds005237	sub-NDARINVXA261ZAL	n/a	7	1	1	4297219039	5854605	n/a	n/a	n/a	n/a	anat,fmap,func
ds005237	sub-NDARINVXD089VAD	n/a	7	1	1	4220514187	4582420	n/a	n/a	n/a	n/a	anat,fmap,func
ds005237	sub-NDARINVXE784YJ5	n/a	7	1	1	4380261015	5762814	n/a	n/a	n/a	n/a	anat,fmap,func
ds005237	sub-NDARINVXH435XG7	n/a	7	1	1	4490196084	6600606	n/a	n/a	n/a	n/a	anat,fmap,func
ds005237	sub-NDARINVXJ707NAE	n/a	7	1	1	4365454052	5677991	n/a	n/a	n/a	n/a	anat,fmap,func
ds005237	sub-NDARINVXM223BAP	n/a	7	1	1	4162667220	5427833	n/a	n/a	n/a	n/a	anat,fmap,func
ds005237	sub-NDARINVXP963GZ5	n/a	7	1	1	4311504369	5412560	n/a	n/a	n/a	n/a	anat,fmap,func
ds005237	sub-NDARINVXR625UBQ	n/a	4	1	1	2426299725	5797594	n/a	n/a	n/a	n/a	anat,fmap,func
ds005237	sub-NDARINVXV404VJL	n/a	4	1	1	2326982204	5858582	n/a	n/a	n/a	n/a	anat,fmap,func
ds005237	sub-NDARINVXZ023ZLG	n/a	7	1	1	4415898717	5951187	n/a	n/a	n/a	n/a	anat,fmap,func
ds005237	sub-NDARINVXZ387TC1	n/a	7	1	1	4390184056	4953765	n/a	n/a	n/a	n/a	anat,fmap,func
ds005237	sub-NDARINVYA281VEM	n/a	7	1	1	4296412780	5913450	n/a	n/a	n/a	n/a	anat,fmap,func
ds005237	sub-NDARINVYE059KWM	n/a	7	1	1	4459758311	6317685	n/a	n/a	n/a	n/a	anat,fmap,func
ds005237	sub-NDARINVYK619FTF	n/a	7	1	1	4490828069	5982988	n/a	n/a	n/a	n/a	anat,fmap,func
ds005237	sub-NDARINVYR744ZAU	n/a	7	1	1	4365868635	6020817	n/a	n/a	n/a	n/a	anat,fmap,func
ds005237	sub-NDARINVYT858CBN	n/a	6	1	1	3589644039	5615376	n/a	n/a	n/a	n/a	anat,fmap,func
ds005237	sub-NDARINVYZ203GF8	n/a	7	1	1	4304082224	5587834	n/a	n/a	n/a	n/a	anat,fmap,func
ds005237	sub-NDARINVZB382MHL	n/a	6	1	1	3703045719	6140108	n/a	n/a	n/a	n/a	anat,fmap,func
ds005237	sub-NDARINVZB896FPZ	n/a	7	1	1	4507457006	5897860	n/a	n/a	n/a	n/a	anat,fmap,func
ds005237	sub-NDARINVZC713KY8	n/a	7	1	1	4250609438	5689044	n/a	n/a	n/a	n/a	anat,fmap,func
ds005237	sub-NDARINVZC781XW2	n/a	7	1	1	4484348538	6375908	n/a	n/a	n/a	n/a	anat,fmap,func
ds005237	sub-NDARINVZF221XAB	n/a	7	1	1	4253835604	5001523	n/a	n/a	n/a	n/a	anat,fmap,func
ds005237	sub-NDARINVZF290GFY	n/a	7	1	1	4318721285	5626565	n/a	n/a	n/a	n/a	anat,fmap,func
ds005237	sub-NDARINVZF426RL4	n/a	7	1	1	4214292825	5516707	n/a	n/a	n/a	n/a	anat,fmap,func
ds005237	sub-NDARINVZF605GZ8	n/a	7	1	1	4278173932	5581002	n/a	n/a	n/a	n/a	anat,fmap,func
ds005237	sub-NDARINVZH090MNG	n/a	4	1	1	2406031073	5634626	n/a	n/a	n/a	n/a	anat,fmap,func
ds005237	sub-NDARINVZK672XPE	n/a	7	1	1	4456541183	5655184	n/a	n/a	n/a	n/a	anat,fmap,func
ds005237	sub-NDARINVZL449UYG	n/a	7	1	1	4311781871	4719208	n/a	n/a	n/a	n/a	anat,fmap,func
ds005237	sub-NDARINVZR981ALE	n/a	7	1	1	4344388741	5577866	n/a	n/a	n/a	n/a	anat,fmap,func
ds005237	sub-NDARINVZT152JCX	n/a	7	1	1	4344807042	5460221	n/a	n/a	n/a	n/a	anat,fmap,func
ds005237	sub-NDARINVZU586UPF	n/a	6	1	1	3618851010	5865760	n/a	n/a	n/a	n/a	anat,fmap,func
ds005237	sub-NDARINVZU840GFR	n/a	7	1	1	4171897815	5250222	n/a	n/a	n/a	n/a	anat,fmap,func
ds005237	sub-NDARINVZV968GA8	n/a	7	1	1	4312174536	5636751	n/a	n/a	n/a	n/a	anat,fmap,func
ds005237	sub-NDARINVZW239ZXZ	n/a	7	1	1	4331343579	6251298	n/a	n/a	n/a	n/a	anat,fmap,func
ds005237	sub-NDARINVZW252GAV	n/a	7	1	1	4449939322	5943196	n/a	n/a	n/a	n/a	anat,fmap,func
ds005237	sub-NDARINVZX212UNE	n/a	7	1	1	4178099072	5644460	n/a	n/a	n/a	n/a	anat,fmap,func
ds005237	sub-NDARINVZY232VM1	n/a	7	1	1	4303175147	5395173	n/a	n/a	n/a	n/a	anat,fmap,func
ds005237	sub-NDARINVZY305TZ5	n/a	5	1	1	3172845842	5892340	n/a	n/a	n/a	n/a	anat,fmap,func
